"Literacy","Numeracy","IQ","Openness","Conscientiousness","Ambition","Income","HighSchool"
508,605,96,-0.762263947126114,66,56,83723,"Diploma"
495,431,101,-2.02994876853721,61,55,67148,"Diploma"
504,415,86,1.99297617181143,41,35,30459,"No Diploma"
149,224,66,-0.195685491663296,27,47,18534,"No Diploma"
240,373,84,-0.215646995767562,28,54,27651,"No Diploma"
657,607,109,1.29127624418532,43,34,63301,"Diploma"
263,343,63,-0.263146381444224,49,40,34607,"No Diploma"
574,437,103,-1.09814331478111,28,32,42690,"Diploma"
586,430,103,-1.88054348071585,43,27,51532,"Diploma"
546,430,98,-0.257113250263678,65,49,86191,"Diploma"
367,474,81,-0.727451699135905,45,39,30896,"Diploma"
429,546,99,-1.05808082799643,49,44,53251,"Diploma"
481,443,98,0.929768782401403,22,43,23436,"No Diploma"
595,541,117,0.857009597764582,40,27,59248,"No Diploma"
350,361,89,0.237717778893814,49,48,49572,"Diploma"
494,501,94,1.2197907883355,46,50,65774,"Diploma"
398,407,81,-0.436912929292334,28,45,28066,"No Diploma"
574,433,92,-0.903900256027272,22,52,34973,"Diploma"
418,447,86,0.0332424844063277,19,41,28434,"GED"
394,368,75,0.658032008643095,60,70,71454,"Diploma"
438,471,95,-1.85521927963305,43,44,45905,"Diploma"
346,415,94,-1.21552369273263,57,44,69630,"Diploma"
390,425,102,-0.835567600387274,47,50,42897,"GED"
549,704,124,0.915925910818978,56,72,107918,"Diploma"
409,418,86,1.87034540916356,53,51,48216,"Diploma"
600,589,102,-0.134847496640667,39,47,39488,"Diploma"
568,513,97,-0.13097806476136,19,52,33662,"GED"
704,593,111,-1.12972149277984,57,66,98034,"Diploma"
537,677,116,-0.510813821727658,36,49,49830,"Diploma"
376,423,102,0.399233864400326,48,59,57961,"Diploma"
377,516,80,-1.04824341805248,48,34,35073,"Diploma"
582,557,101,-0.315167537345212,44,58,43103,"Diploma"
599,405,97,-0.305167765359204,42,40,52581,"Diploma"
429,315,81,0.0159766802814852,34,43,31849,"No Diploma"
559,590,109,1.82129221131005,65,63,86772,"Diploma"
550,420,92,1.20951986297595,43,56,44146,"GED"
484,497,107,1.99494345492878,47,52,68125,"Diploma"
483,436,97,-1.83011038623509,42,57,48470,"GED"
251,217,47,-1.13323035024129,49,44,41468,"No Diploma"
301,246,67,0.674312829095322,39,34,27572,"No Diploma"
526,459,98,-0.308947769636624,53,51,81691,"Diploma"
306,373,86,0.312391531458655,35,50,40881,"No Diploma"
599,430,90,-0.624054748640869,46,34,40450,"Diploma"
472,502,114,-1.74562834695619,36,49,36712,"Diploma"
563,529,93,-1.19035768106634,70,67,92510,"Diploma"
587,406,99,1.80637951724428,59,58,92754,"Diploma"
462,468,86,-0.504473119344159,58,50,65067,"Diploma"
403,455,82,1.30661513843306,48,52,45272,"Diploma"
444,230,75,0.763580844829409,51,36,39088,"No Diploma"
355,419,76,0.2675060192331,27,53,34512,"GED"
471,459,90,1.31215109469442,47,56,46018,"Diploma"
547,586,102,-1.22478579954682,62,39,92363,"Diploma"
536,540,93,-0.461403296472817,42,37,51090,"Diploma"
511,527,102,-0.336694783307398,71,74,117899,"Diploma"
375,462,66,-1.51888238511951,46,56,47228,"Diploma"
273,396,83,-0.934124875895818,43,40,30435,"Diploma"
557,492,97,-1.98228540090798,59,57,94975,"Diploma"
652,572,107,-0.76467289251894,26,55,52597,"GED"
360,449,78,0.00611640076210397,62,62,68099,"Diploma"
482,608,88,0.3638032444839,45,43,77724,"Diploma"
403,405,68,0.760997467494086,25,24,15407,"Diploma"
498,418,98,-0.573930702818971,57,67,71436,"Diploma"
251,265,64,-0.813377925338222,49,40,39531,"No Diploma"
530,584,103,-0.231564086291007,42,51,42358,"Diploma"
403,450,113,-0.328542570737787,27,35,32401,"No Diploma"
565,498,109,0.525508535637137,40,30,41226,"Diploma"
566,424,113,-0.346321108355423,38,47,62442,"No Diploma"
458,351,98,0.258427072590563,37,24,27111,"Diploma"
482,540,100,-0.0292553481184909,54,28,57152,"Diploma"
159,165,48,-0.137181617828261,34,34,15699,"No Diploma"
397,390,89,0.776127038323322,57,50,71675,"Diploma"
595,508,125,0.0192048889870268,40,51,67361,"Diploma"
451,407,97,-0.595685204934128,51,37,61178,"Diploma"
519,563,120,0.245746650541963,57,55,76642,"Diploma"
574,520,112,-0.460668257129664,72,64,105102,"Diploma"
456,429,110,1.50619761546515,41,42,47476,"Diploma"
514,429,87,0.445303285070153,24,35,26058,"No Diploma"
474,601,107,1.16892748038551,44,24,49007,"Diploma"
463,468,91,0.223371704363948,61,42,78458,"Diploma"
489,454,103,1.49246924550754,30,56,53476,"GED"
484,565,103,-0.131837204394777,56,60,81481,"Diploma"
565,525,110,-2.34864577203746,48,48,65468,"Diploma"
398,321,91,0.000185771933645277,44,57,43471,"Diploma"
593,661,121,-0.3981082515998,61,52,95091,"Diploma"
471,453,84,0.236648090090426,50,45,56561,"Diploma"
433,528,106,-0.883552701049104,48,36,55593,"Diploma"
412,384,74,-0.73371243227229,53,61,55420,"Diploma"
570,577,103,-0.27482943888875,56,42,53704,"Diploma"
501,422,90,-0.476844321172225,59,49,60333,"Diploma"
340,363,70,-0.717987438484521,33,46,35658,"No Diploma"
525,452,106,-1.0572683136449,62,72,84363,"Diploma"
368,403,77,-0.418445280453636,49,53,51353,"Diploma"
439,441,90,-1.44708579083259,53,34,37602,"Diploma"
448,418,97,-0.519964074676123,51,44,48873,"Diploma"
344,191,53,-0.816483513874828,33,36,16491,"No Diploma"
528,562,111,-0.397785469809416,22,50,24547,"Diploma"
545,484,105,1.71777953811898,69,67,110352,"Diploma"
471,599,106,-1.67899597735341,64,55,85627,"Diploma"
563,647,127,0.619485867243973,44,54,70676,"Diploma"
510,512,116,-1.01440730386086,52,56,74844,"Diploma"
523,468,108,-1.04005537475529,37,51,61619,"GED"
516,479,110,0.143831118176166,37,39,63826,"Diploma"
411,504,108,2.01833816662681,70,60,100653,"Diploma"
479,507,92,1.28518103725634,48,49,53055,"Diploma"
531,491,101,0.380599413871433,39,54,49669,"GED"
275,375,81,-1.34372432812675,49,41,45176,"Diploma"
426,356,89,1.76431573577562,23,41,28275,"GED"
476,464,87,-0.358658434185,26,45,51112,"Diploma"
489,460,103,-0.955921412799789,45,54,49307,"Diploma"
403,362,79,-1.95377395666611,56,45,32019,"Diploma"
540,612,105,-0.281338745528634,58,48,68719,"Diploma"
392,299,78,1.55569184151405,47,49,43100,"No Diploma"
361,321,79,0.368698516871608,47,45,49683,"Diploma"
583,459,102,0.650621582677874,60,50,88254,"Diploma"
457,689,116,-1.13766275414058,36,42,53976,"Diploma"
404,299,85,-0.221553603943605,48,43,45867,"No Diploma"
416,596,98,1.25307689950371,22,53,40173,"GED"
502,610,105,-0.0676572173280424,53,43,56851,"Diploma"
324,321,78,-0.787060485287135,31,45,26092,"No Diploma"
548,585,103,0.443799151261155,35,33,64879,"Diploma"
574,614,100,-0.407514188006536,53,51,62905,"Diploma"
355,451,91,-0.750063319392161,41,46,33579,"Diploma"
453,565,102,2.39202340930752,46,46,54856,"Diploma"
542,529,101,0.685675190885441,48,45,59143,"Diploma"
383,519,94,0.922954456715017,62,61,70143,"Diploma"
517,480,96,0.0332881846606165,38,40,34521,"Diploma"
492,511,111,-0.361150236023066,46,54,55233,"Diploma"
597,550,105,1.1078204292429,31,24,54018,"Diploma"
589,589,118,-0.957298809007143,47,46,67496,"Diploma"
301,410,84,1.54154528528973,30,41,42196,"No Diploma"
415,452,87,-0.525506084884388,64,53,99793,"Diploma"
604,560,124,-2.32646790535537,48,33,78216,"Diploma"
530,495,93,-0.788134837311325,47,32,49320,"Diploma"
690,605,134,0.455831751618647,41,45,78607,"Diploma"
339,241,71,1.65485747260293,38,43,32495,"No Diploma"
525,605,114,0.284376949453653,70,53,126615,"Diploma"
615,655,102,-0.976443122433294,37,49,49430,"Diploma"
660,554,98,0.0353753407940522,43,56,62648,"Diploma"
370,301,95,-0.856743419080221,50,57,51376,"No Diploma"
560,543,112,-1.26943543820649,45,48,46794,"Diploma"
676,556,124,-0.00790002002018807,70,48,128341,"Diploma"
287,205,68,-2.20134554595816,36,36,31563,"No Diploma"
616,670,125,3.28603615201038,34,62,71000,"Diploma"
599,471,93,0.192599939871184,58,71,69633,"Diploma"
663,460,111,0.846477951524834,68,56,79890,"Diploma"
588,587,118,-0.657672303992299,52,46,64265,"Diploma"
357,260,86,0.569954084852012,46,26,24376,"Diploma"
363,397,70,0.558302864688122,31,40,36210,"No Diploma"
570,695,98,-0.479672781094665,69,49,107362,"Diploma"
680,697,118,0.633372504004695,45,62,76527,"Diploma"
478,585,95,-0.146777707885257,17,41,17497,"GED"
419,211,86,1.18821491300794,35,44,32595,"No Diploma"
513,442,93,-0.177592927346819,41,60,49813,"GED"
602,678,108,1.57991896676535,44,50,54561,"Diploma"
573,357,99,1.25239439989533,32,54,54945,"No Diploma"
478,473,105,0.369102148805469,28,42,35376,"No Diploma"
430,426,89,-0.455672939540219,43,57,38872,"Diploma"
538,551,114,-0.541693099884652,46,54,78655,"Diploma"
597,595,124,0.0758292300496779,58,48,93222,"Diploma"
436,395,81,-1.83647312366403,38,44,23581,"Diploma"
439,532,99,-0.399597561404983,45,38,52852,"Diploma"
399,331,76,-0.396197536856189,46,50,40966,"No Diploma"
324,432,96,-0.634311492076862,48,45,47330,"Diploma"
408,451,84,1.95851350571795,40,60,32730,"Diploma"
641,646,130,0.973405974763073,17,38,39498,"Diploma"
327,467,84,-1.90513273121782,36,33,17299,"Diploma"
495,495,96,0.816255244744326,68,48,66998,"Diploma"
632,534,113,0.360988195289865,38,45,70981,"GED"
534,502,107,1.55851974472643,39,42,55100,"Diploma"
465,527,98,0.0712796806622945,51,39,56740,"Diploma"
331,271,71,0.652929473874771,38,42,26340,"Diploma"
497,533,100,0.048127141219056,46,46,52720,"Diploma"
493,368,93,-0.761049993803975,55,43,74209,"Diploma"
386,379,104,1.47764743577412,57,70,76127,"Diploma"
491,504,107,-1.31628067458389,58,59,79342,"Diploma"
504,418,91,0.142264220483448,55,64,78702,"Diploma"
488,460,89,-1.11552832692941,40,47,49297,"Diploma"
245,294,76,0.0990843134842078,43,61,33196,"Diploma"
354,203,74,0.19681838427149,22,34,20825,"No Diploma"
325,401,83,-0.811551061802319,33,40,27407,"GED"
505,580,101,-0.305337568021919,72,70,118706,"Diploma"
351,392,98,0.410754404813073,46,50,42887,"Diploma"
506,487,102,-0.986086249586706,48,43,59720,"Diploma"
651,657,120,-0.0137660847568443,57,42,85610,"Diploma"
461,431,82,0.0424633491183234,60,49,60171,"Diploma"
435,377,96,0.315638272963169,72,62,89788,"Diploma"
355,380,81,-2.18855915420703,49,39,59966,"Diploma"
490,273,102,0.482020137497793,30,51,42395,"No Diploma"
234,382,85,-1.31399009528322,53,62,57796,"No Diploma"
549,635,102,-0.0545346881702169,34,40,55261,"GED"
476,411,99,1.0146306166189,58,63,74231,"Diploma"
490,477,89,0.855008795114517,48,42,52003,"Diploma"
474,413,97,0.304409431233454,31,39,34138,"No Diploma"
302,222,62,-1.3840209447706,46,45,35049,"No Diploma"
635,678,120,1.07122282572366,28,50,72276,"Diploma"
507,539,109,1.88732239076065,38,50,54020,"GED"
222,180,68,0.274942027486083,36,36,17718,"No Diploma"
552,587,113,0.824433361678788,48,46,94951,"Diploma"
531,496,96,0.246592054969614,37,27,55736,"Diploma"
495,608,104,1.23796876428417,47,47,57078,"Diploma"
437,563,106,0.980936459758392,37,39,35671,"Diploma"
292,205,76,-0.301217074046606,62,55,56079,"Diploma"
325,513,99,-0.890815563661269,28,32,24858,"Diploma"
423,522,100,-1.88214898114961,23,20,30836,"No Diploma"
687,656,121,0.236485581804385,72,49,134934,"Diploma"
232,230,64,0.0322430783234498,44,53,36837,"Diploma"
473,486,89,-0.383395478050246,42,53,44547,"Diploma"
458,370,94,-0.736076396402207,36,39,35701,"GED"
468,517,101,-1.98067532597975,57,50,79531,"Diploma"
459,409,81,-1.00195807714128,62,54,72616,"Diploma"
566,648,106,-0.347102527772564,34,44,45515,"Diploma"
480,305,77,-0.968293443677099,40,56,59633,"GED"
576,474,104,0.204392537272076,59,47,69828,"Diploma"
642,551,130,0.353451031507057,51,54,79351,"Diploma"
388,334,82,0.524657914406788,61,56,49284,"Diploma"
415,286,76,-2.18580133155779,30,66,20609,"GED"
515,443,92,-1.46360438141537,53,53,54701,"GED"
638,582,127,-0.486023114983631,47,59,76479,"Diploma"
316,538,89,-0.4388318487232,47,63,54304,"Diploma"
445,496,91,1.94446604135097,59,46,65530,"Diploma"
667,581,123,1.99545238768472,54,47,97611,"Diploma"
469,481,89,-0.678585686128233,66,67,66574,"Diploma"
446,404,91,-0.488597633711275,41,51,32843,"No Diploma"
509,445,97,1.29806459830899,41,46,41989,"GED"
448,415,86,0.628391841796365,48,46,59313,"No Diploma"
332,391,72,-1.12949805061354,46,48,37811,"Diploma"
485,578,114,0.212057643706676,42,49,59246,"Diploma"
517,706,118,1.68322915824818,53,57,96802,"Diploma"
430,446,72,-0.660003484577716,73,66,89954,"Diploma"
520,477,94,0.109688309425764,50,50,48959,"Diploma"
553,603,117,1.12719281138768,49,57,66311,"Diploma"
737,690,140,0.445470961217694,65,70,122028,"Diploma"
633,567,101,-1.65160440826968,56,54,77513,"Diploma"
486,452,94,-0.131922873540338,42,44,52021,"Diploma"
442,636,99,1.34565977444562,39,45,51468,"Diploma"
482,499,95,-0.285532423833682,57,58,71977,"Diploma"
469,447,85,0.376396357206675,49,48,55158,"Diploma"
570,561,115,-0.15232949327401,57,53,105655,"Diploma"
468,414,83,-1.16437173228478,49,34,48722,"Diploma"
541,557,107,0.75584905449721,49,23,46483,"Diploma"
469,417,93,-0.62383706321656,51,46,48666,"Diploma"
251,316,86,-0.137115335934617,62,71,65650,"Diploma"
546,489,103,1.07693763155414,41,35,42935,"Diploma"
648,651,110,0.167426240706066,43,52,57170,"Diploma"
423,441,97,-0.0745342295229489,43,28,32545,"Diploma"
753,535,131,1.64144016617545,51,58,94885,"Diploma"
427,483,103,1.24300801074769,65,61,86685,"Diploma"
640,446,102,-0.200416894247448,61,39,60402,"Diploma"
553,511,96,-0.317404241922595,47,43,78458,"Diploma"
491,474,88,-0.406181359778486,35,37,36949,"Diploma"
520,477,88,1.05500871576101,54,47,56925,"Diploma"
359,479,89,-1.03925695488457,59,46,87356,"Diploma"
513,356,90,-1.02422178672147,63,71,96943,"Diploma"
456,229,74,-0.381940074637468,50,52,46797,"No Diploma"
421,411,101,-1.26843201103778,30,33,31044,"GED"
401,481,87,-0.717096537427237,40,46,38365,"Diploma"
648,744,122,0.441489652820418,66,58,127545,"Diploma"
456,513,87,-0.141278359962075,50,49,46111,"Diploma"
452,509,89,0.440891238832483,55,51,47360,"Diploma"
429,361,92,1.84809439652745,32,31,29409,"No Diploma"
439,474,83,0.477132108588008,45,46,36547,"Diploma"
393,705,121,-0.83959506390925,42,44,61554,"Diploma"
483,571,109,1.6459703088887,43,47,52356,"Diploma"
409,445,98,0.529811618437408,38,48,38607,"Diploma"
404,325,90,-0.537107617158787,34,55,24798,"Diploma"
327,345,66,1.12092833645177,30,49,31513,"No Diploma"
457,553,96,0.542165727764625,63,46,86603,"Diploma"
680,571,118,0.417744741746194,52,50,71433,"Diploma"
619,537,110,-0.236609462407924,41,52,50580,"Diploma"
316,396,92,0.832937268012339,55,65,44236,"No Diploma"
513,501,110,-2.12099319159812,54,66,69521,"Diploma"
362,529,97,-0.444208142518767,49,63,53075,"Diploma"
552,479,102,-1.03429567679421,68,59,118570,"Diploma"
229,381,66,-2.64319752280302,11,35,16791,"GED"
272,299,59,-0.246253286729186,53,56,53880,"No Diploma"
406,342,78,-0.79139983177589,52,59,55609,"Diploma"
605,700,147,-1.07309406348525,53,66,114626,"Diploma"
397,360,105,-0.686862418780003,52,57,47004,"Diploma"
623,561,120,0.85386375015526,53,59,81174,"Diploma"
362,421,102,0.231476594638813,45,53,36254,"Diploma"
518,493,104,0.421293478351142,34,37,43659,"Diploma"
480,405,99,0.660033409409363,47,52,54035,"GED"
323,371,65,-0.733674236475115,64,62,57128,"Diploma"
492,473,103,0.161971419577521,63,80,85195,"Diploma"
480,579,111,0.100147668211585,64,43,69513,"Diploma"
594,567,112,-0.539614002015248,53,44,103831,"Diploma"
395,433,78,0.48353176553611,49,34,50211,"No Diploma"
373,365,84,0.246664508212857,57,58,51343,"Diploma"
380,411,74,1.63021754532041,68,49,78555,"Diploma"
382,458,81,-0.853993537063567,49,48,54491,"Diploma"
587,435,99,-0.0553486566844394,62,62,70726,"Diploma"
497,479,107,-2.07612000436505,46,53,49672,"Diploma"
508,380,106,-0.942541453490485,46,61,60928,"Diploma"
521,536,111,1.46154453877807,66,57,127425,"Diploma"
203,276,55,-1.609639640577,78,65,75956,"Diploma"
460,498,94,0.483325290561051,52,42,68473,"Diploma"
433,426,98,0.443285449493809,45,39,43300,"Diploma"
395,168,69,-1.2964591352182,39,44,21893,"No Diploma"
509,534,98,0.117299648504891,46,45,64741,"Diploma"
563,463,92,0.229260634580307,64,44,83667,"Diploma"
439,474,79,-0.671442960764392,49,52,46961,"Diploma"
566,481,109,0.303547039103835,61,67,101636,"Diploma"
208,250,61,-1.14359638539863,21,29,13806,"No Diploma"
493,389,96,-0.662254960688675,25,40,27134,"No Diploma"
320,313,69,-0.467931317157494,52,65,46376,"Diploma"
166,208,60,0.625235991672058,26,48,21546,"No Diploma"
542,456,107,0.307954321668897,43,40,55492,"Diploma"
492,510,86,-0.0404380188846462,43,28,60152,"Diploma"
558,632,113,0.23970391944699,53,39,90587,"Diploma"
393,517,87,1.03962297223553,50,61,56123,"Diploma"
503,320,93,0.706736272021921,46,43,33634,"Diploma"
461,326,98,0.97257061626281,71,49,72186,"Diploma"
481,483,109,0.679850882804425,58,45,82934,"Diploma"
641,494,99,0.482287886136771,59,48,76801,"Diploma"
509,481,99,0.469708664982129,50,49,63947,"Diploma"
392,480,78,-0.0852639154791624,47,37,49504,"Diploma"
557,516,117,-0.870214335276573,56,44,68050,"Diploma"
417,446,94,1.75475116144506,59,61,75821,"Diploma"
586,468,101,-0.285702262235838,23,42,44279,"No Diploma"
367,397,95,0.439876853923826,56,59,61843,"Diploma"
508,408,79,-1.5404243764035,35,51,38639,"Diploma"
388,312,88,-1.51646971769826,57,47,38578,"Diploma"
454,475,88,-0.926712486137062,48,48,44143,"Diploma"
709,653,142,-0.157345401925385,33,58,86621,"Diploma"
360,517,99,-0.332828111001099,48,58,50624,"Diploma"
490,544,92,-0.797916205058699,44,41,50552,"Diploma"
502,457,96,0.05619677328351,62,53,95040,"Diploma"
438,509,105,1.92468255902557,47,43,42616,"Diploma"
513,717,120,1.3321768830333,33,46,57419,"Diploma"
444,451,104,-1.62846133002812,25,46,20632,"GED"
404,389,84,0.711647187364827,48,25,32944,"No Diploma"
613,664,126,0.832620606331068,55,40,85393,"Diploma"
438,582,104,1.94809994540135,53,49,59882,"Diploma"
434,397,83,0.0666092941580404,41,43,33565,"Diploma"
543,452,120,-0.0537875002215855,47,48,63868,"Diploma"
479,442,85,-1.46883823134558,52,45,59352,"Diploma"
488,433,94,-0.0883023709965205,35,40,38398,"Diploma"
511,411,92,0.918732217022596,53,59,71050,"Diploma"
542,526,111,-0.680993274160454,51,52,63122,"Diploma"
629,556,97,-0.463023648995589,52,51,72110,"Diploma"
470,472,102,1.01133175658687,33,27,39023,"Diploma"
413,494,93,1.278324209602,29,59,38299,"No Diploma"
450,443,93,-0.234407254807119,35,33,44430,"GED"
477,488,105,-0.509080973570812,58,56,78512,"Diploma"
733,546,119,0.336711989640647,70,64,143219,"Diploma"
542,599,106,1.30496900423029,70,60,102058,"Diploma"
463,410,100,-0.0956307530390678,33,42,40034,"Diploma"
553,576,102,0.467729760821207,41,51,49591,"Diploma"
342,383,87,1.17113093229012,27,54,28406,"GED"
244,220,60,0.298705069224256,24,29,10129,"No Diploma"
439,327,92,0.847313126115043,31,30,35130,"Diploma"
287,246,64,1.14449732348023,37,57,23778,"No Diploma"
288,343,76,-0.445809919138141,32,44,33688,"No Diploma"
554,481,93,-0.148393239808974,47,63,74942,"Diploma"
454,427,76,-0.184957690875592,36,34,31514,"Diploma"
457,428,99,0.241955711365522,44,49,45064,"Diploma"
633,611,128,0.201781010922289,41,49,69759,"Diploma"
540,513,110,0.42635425348557,46,43,53782,"Diploma"
602,627,134,0.0263647710176106,62,50,113588,"Diploma"
583,539,106,0.551585498394019,40,55,44997,"Diploma"
674,753,136,0.312545024599095,34,52,73297,"GED"
532,424,80,-0.402159447837519,45,25,31077,"Diploma"
452,451,88,1.80409166921777,30,34,28852,"No Diploma"
567,537,90,0.0630317033135939,37,29,54286,"GED"
530,415,95,-0.918053688147252,58,71,81502,"Diploma"
383,472,103,0.407744834326738,41,42,49960,"Diploma"
508,485,98,-2.74746852914471,20,44,23487,"GED"
525,475,102,0.172996142190318,44,32,35767,"Diploma"
569,518,108,0.446355258022364,57,43,71809,"Diploma"
587,617,111,2.72655589968012,55,49,81746,"Diploma"
474,561,107,-0.397929590566652,61,43,73706,"Diploma"
360,268,89,-0.782724941124396,36,36,30697,"No Diploma"
459,538,103,2.18416441872402,53,68,88046,"Diploma"
442,443,105,0.192238577543348,54,57,72677,"Diploma"
600,581,99,0.256695186412493,68,55,99576,"Diploma"
493,476,95,0.386360481916067,37,64,74059,"Diploma"
467,452,96,-0.668031485946304,62,56,64323,"Diploma"
509,484,114,-1.05088065067352,47,52,65468,"Diploma"
467,447,103,0.562839531253934,58,61,66264,"Diploma"
390,337,81,-0.565118013131703,39,50,30355,"Diploma"
420,539,90,-0.227215474525892,45,41,40830,"Diploma"
467,419,99,-1.38227632400889,34,35,41684,"Diploma"
657,543,117,-0.229793100940814,49,43,76397,"Diploma"
497,536,97,0.533893231320281,45,42,51361,"Diploma"
389,385,74,-1.39017707262094,39,48,29089,"GED"
409,586,103,0.490756324685666,55,48,55396,"Diploma"
609,771,126,2.05519402471773,51,56,89210,"Diploma"
600,481,84,0.947861817946728,48,37,44417,"Diploma"
639,595,114,-0.775421046443578,71,59,146712,"Diploma"
598,544,112,0.469378749246303,52,50,71508,"Diploma"
342,226,71,-0.247350409552123,18,33,15309,"No Diploma"
466,487,80,0.682849940102756,41,44,57633,"Diploma"
462,323,73,-0.054629883454106,38,42,26138,"GED"
503,390,87,-1.45743707458538,40,58,38824,"GED"
476,524,104,-0.248377778866835,52,44,69068,"Diploma"
565,539,106,1.35108477390862,55,50,90097,"Diploma"
431,389,86,0.438930606313759,30,50,21561,"Diploma"
385,505,89,1.47172593899399,52,60,73234,"Diploma"
444,395,90,-0.652696369762001,31,54,47500,"No Diploma"
419,384,84,-1.07746658407619,54,45,68387,"Diploma"
329,400,81,-1.0651882851951,54,64,57408,"Diploma"
329,291,79,0.134702141927562,43,49,33081,"Diploma"
589,620,95,0.400137402684734,49,51,70802,"Diploma"
574,528,103,1.66560997290042,53,40,54635,"Diploma"
513,582,109,0.788278896946669,52,45,55820,"Diploma"
380,381,97,0.434272803668411,27,40,34038,"No Diploma"
321,366,78,1.71158181840059,35,53,43530,"No Diploma"
587,577,105,0.887370433391382,42,37,51986,"Diploma"
364,508,91,0.430285772788666,32,34,23727,"Diploma"
582,568,119,0.391104552545073,38,62,55409,"Diploma"
427,485,106,-0.233474233007143,61,53,96958,"Diploma"
417,478,93,-0.921678251068142,50,46,55476,"Diploma"
368,454,97,-1.5127697335443,37,44,46887,"Diploma"
570,541,105,-0.0322366649513109,61,57,77923,"Diploma"
600,515,110,0.28260452678608,48,54,58955,"Diploma"
394,400,83,1.50256742641678,42,37,34870,"GED"
359,444,79,0.667121695662584,45,47,53630,"Diploma"
506,396,106,-0.450107210175039,64,51,86591,"Diploma"
534,648,100,1.16357661082191,73,57,105678,"Diploma"
333,336,78,-1.88826116588929,53,59,40297,"Diploma"
327,345,79,-0.645458079166549,48,57,50914,"Diploma"
455,356,84,0.643379703558709,43,48,42914,"No Diploma"
471,475,94,-1.88405634832603,64,66,81898,"Diploma"
582,505,112,1.34386378301829,79,65,129788,"Diploma"
496,380,83,-1.08726377542312,61,57,62377,"Diploma"
317,225,59,-2.18665325555617,29,35,18271,"No Diploma"
631,697,134,-0.333462836332079,37,56,84911,"Diploma"
644,567,111,-1.52009784871293,53,57,70235,"Diploma"
546,537,103,-0.0159046987391406,32,45,50792,"GED"
548,553,102,0.964907917265411,58,52,73916,"Diploma"
707,704,125,0.366104495042839,48,57,97568,"Diploma"
469,385,91,-1.49634062393054,51,54,78498,"Diploma"
522,295,89,-0.159316749505373,57,68,76757,"No Diploma"
333,242,81,-0.187262577553947,44,47,48861,"No Diploma"
412,450,82,-0.142948399421663,53,52,67431,"Diploma"
578,567,84,0.509833139988181,53,51,62088,"Diploma"
398,375,74,-0.959469322294416,73,58,59414,"Diploma"
531,422,108,-0.0635156820666017,47,50,65110,"Diploma"
453,488,107,0.978912930873712,66,63,82082,"Diploma"
356,324,89,0.853464903601254,60,61,68965,"Diploma"
524,572,105,-0.610392606451761,54,51,68860,"Diploma"
290,262,83,0.406933270505483,4,13,6789,"No Diploma"
555,514,98,0.11483740092155,54,43,51780,"Diploma"
297,456,92,0.77522143763736,54,50,47634,"Diploma"
567,485,98,1.03255779461181,40,39,45776,"Diploma"
768,786,143,2.36977553652244,52,50,101585,"Diploma"
547,579,111,0.0611920020869328,62,53,126902,"Diploma"
555,650,107,1.68613576038027,19,28,22697,"GED"
444,436,95,0.484859929317472,45,52,72952,"Diploma"
745,668,133,-0.212540205456028,56,52,117878,"Diploma"
511,410,93,-1.08318035444807,37,46,40517,"Diploma"
436,580,109,1.44128159573317,50,55,76827,"Diploma"
570,590,107,-0.163257859805478,42,66,74571,"Diploma"
544,570,127,1.69483891559413,53,61,98448,"Diploma"
601,561,126,1.11562471151414,61,54,81831,"Diploma"
621,514,86,-0.838801269685455,52,32,69894,"Diploma"
445,504,95,-0.743471136727399,44,62,45572,"Diploma"
651,579,114,-0.64593838861684,56,65,90184,"GED"
504,597,109,0.405318479513982,54,62,94421,"Diploma"
439,507,92,-3.69210306405004,61,60,61327,"Diploma"
560,432,108,1.30859821157666,49,45,79353,"Diploma"
263,270,65,-0.679360702173641,28,54,19668,"GED"
264,426,91,0.141600790329691,47,56,41151,"Diploma"
471,478,97,-0.283058252204424,40,43,47885,"Diploma"
516,494,104,1.44015707843878,37,53,48418,"Diploma"
354,467,87,-0.326384358684151,56,72,77934,"Diploma"
675,482,121,-0.473212365663722,44,48,66021,"Diploma"
423,411,92,-0.499563271477077,57,58,51302,"Diploma"
372,409,79,0.29746696688601,36,53,34437,"Diploma"
294,346,80,-1.50999436361694,19,40,14030,"No Diploma"
584,659,113,0.547427155111866,38,40,69112,"Diploma"
685,612,142,0.0965746990714589,41,53,71309,"Diploma"
593,626,112,-0.94388974137216,42,27,42928,"Diploma"
557,413,99,1.89757543217169,38,56,30037,"Diploma"
352,460,67,-0.533458309169901,51,59,42152,"Diploma"
618,630,113,1.0818692178116,48,48,91818,"Diploma"
336,477,84,-0.386450115532259,55,68,82718,"Diploma"
513,541,90,-1.48082760214216,42,47,70319,"Diploma"
510,399,83,-0.198327708604908,33,44,37983,"Diploma"
476,497,99,1.29003361292391,51,45,60666,"Diploma"
560,486,106,1.49800579993487,49,45,60766,"Diploma"
634,554,123,0.0516759581910258,54,45,78567,"Diploma"
542,501,99,1.5593996830414,53,50,77347,"Diploma"
341,334,82,1.48929970165513,45,35,45514,"No Diploma"
304,270,61,-0.294998255207857,47,50,34147,"Diploma"
327,240,61,0.493611273415408,50,47,24724,"Diploma"
424,448,108,0.787046585013339,49,66,71593,"Diploma"
598,578,108,0.850467202963306,54,56,79101,"Diploma"
652,786,128,-0.84066187155233,53,43,100890,"Diploma"
409,399,97,0.322199065158447,51,52,59739,"Diploma"
442,400,89,0.417217096693943,49,41,57807,"No Diploma"
278,95,53,-1.5203997793344,31,23,14884,"No Diploma"
602,609,111,0.278414765038405,48,54,67304,"Diploma"
530,441,97,-1.17143063853587,52,70,58373,"Diploma"
143,110,38,-0.596811030520773,49,43,28544,"Diploma"
646,528,110,0.260660535703329,62,43,93973,"Diploma"
422,358,74,-1.21169539848312,38,35,25157,"No Diploma"
468,545,112,0.20068977748927,66,67,106891,"Diploma"
533,577,96,-1.03782872419353,38,37,48600,"Diploma"
627,679,107,-0.670668815133737,47,42,71715,"Diploma"
577,445,90,-1.81454954414988,57,52,76503,"Diploma"
554,615,105,-0.30098281659046,46,41,55979,"Diploma"
474,602,121,-0.18610902483585,58,63,98722,"Diploma"
366,374,87,1.11051507942395,28,42,21303,"No Diploma"
339,517,79,-1.00907009814292,51,49,53889,"Diploma"
361,316,88,0.463640740862595,41,49,31344,"Diploma"
663,526,115,-0.86230406989607,63,57,108556,"Diploma"
546,446,100,-0.994734387224614,67,58,71961,"Diploma"
538,379,84,-1.37250427495346,47,49,33391,"Diploma"
595,634,109,-1.00071092316675,59,59,85974,"Diploma"
789,732,142,0.770994512295603,42,43,101327,"Diploma"
542,651,107,0.331274397437591,60,39,81618,"Diploma"
622,656,119,-0.0482307684917285,41,48,61965,"Diploma"
497,507,99,-0.0526945172988917,52,55,54021,"Diploma"
470,551,101,1.06156778291853,57,42,77846,"Diploma"
473,438,104,0.791763478577027,40,57,52784,"Diploma"
588,597,100,-1.31967783835126,55,42,71594,"Diploma"
436,462,90,-0.0726107228745856,52,66,55328,"Diploma"
586,559,99,-0.853736163914895,51,46,71891,"Diploma"
351,329,80,-0.9760789384367,63,61,53326,"Diploma"
636,621,121,0.68976754465671,38,40,47128,"Diploma"
454,545,94,-0.77735535578478,51,58,48574,"Diploma"
375,327,87,-0.824205744042494,58,61,63298,"No Diploma"
493,595,96,0.247628963339448,30,51,49084,"Diploma"
552,515,104,0.23892869898836,45,44,53285,"Diploma"
540,727,137,-0.876147261489854,49,54,96295,"Diploma"
592,360,112,-0.8240959554909,54,44,74887,"Diploma"
344,321,94,0.754919974883297,46,36,53914,"Diploma"
269,358,79,-0.710307568096563,26,44,22673,"No Diploma"
440,441,83,0.078472247216042,66,66,73203,"Diploma"
367,534,93,0.254026168800619,40,48,53515,"No Diploma"
423,398,78,-1.24507211665261,65,49,40328,"Diploma"
490,663,100,0.663212506484159,15,20,23532,"GED"
327,323,82,0.100066501448985,50,47,56573,"No Diploma"
321,331,68,-0.147532922429071,54,58,45312,"Diploma"
461,453,91,0.220304419430633,41,41,31787,"No Diploma"
472,543,95,-0.823025129544183,51,42,55707,"Diploma"
394,336,67,-1.97010994657144,61,48,77124,"Diploma"
360,250,86,-2.56677821499079,27,47,30517,"No Diploma"
305,422,107,0.371235108841642,49,46,72461,"GED"
496,484,96,0.0831172701929676,48,52,44774,"GED"
262,320,78,0.844078643165187,36,37,31487,"No Diploma"
427,470,91,-0.598321437007566,27,52,28953,"GED"
585,511,107,0.864255682764382,39,43,39808,"Diploma"
402,540,91,0.372522125692791,28,31,25437,"Diploma"
580,527,99,-1.05191004503436,49,54,54507,"Diploma"
524,578,109,0.204362956086592,53,58,72407,"Diploma"
324,277,80,1.32196577661363,28,48,18208,"No Diploma"
737,619,126,-0.184948666120522,65,60,112170,"Diploma"
447,436,95,-0.178604931729303,59,46,58807,"Diploma"
444,510,87,0.474110920074946,41,49,55404,"Diploma"
595,518,98,-0.133692129725521,46,62,54230,"Diploma"
532,588,101,0.860347387532212,69,61,93974,"Diploma"
554,435,105,0.569609174007815,54,51,79447,"Diploma"
390,271,68,-1.48881049545278,37,48,30987,"GED"
523,486,117,0.292699374369037,60,53,80960,"Diploma"
621,577,119,0.249053034826264,45,87,94174,"GED"
307,291,64,0.134176077804575,45,34,22023,"No Diploma"
511,664,112,-0.611709276202605,44,41,65267,"Diploma"
565,455,122,0.16312557170035,49,46,68802,"Diploma"
643,636,106,0.475271822351773,55,63,72885,"Diploma"
466,532,102,0.343551406953408,49,45,62112,"Diploma"
464,506,84,-0.0543975008872336,45,51,41840,"Diploma"
454,537,116,-0.89353266090346,56,55,89635,"Diploma"
602,600,113,-0.490506019926155,47,47,58459,"Diploma"
474,542,90,-0.527701138504598,30,32,31345,"Diploma"
347,581,93,-1.46536337720527,68,61,101966,"Diploma"
469,484,94,1.77436848723243,55,55,66407,"Diploma"
432,586,106,0.0840668721246735,59,63,81534,"Diploma"
491,510,76,-0.618755016016209,41,49,42405,"Diploma"
572,648,105,0.194118215238891,54,55,79208,"Diploma"
579,528,92,-0.22734671605042,30,34,26172,"Diploma"
411,411,90,-0.453498660876828,54,45,54801,"Diploma"
573,452,106,-0.0975579879662085,55,54,78757,"Diploma"
499,509,86,-0.699346795133608,37,43,40299,"Diploma"
368,517,91,-0.599768854543201,44,40,42648,"Diploma"
468,468,73,-1.12504028079009,56,61,65753,"Diploma"
358,270,76,-1.58247714187505,54,36,40461,"Diploma"
636,649,133,1.30037966583111,51,61,90203,"Diploma"
620,575,111,-0.111995578533658,56,57,90471,"Diploma"
638,642,120,2.13252938610463,50,39,70690,"Diploma"
322,255,76,-0.192915168513801,42,57,38552,"No Diploma"
442,402,90,0.572003898619485,29,33,22767,"Diploma"
231,217,74,-0.879502475256369,22,30,14450,"No Diploma"
411,484,97,-2.375717883209,45,58,72124,"Diploma"
268,402,94,-0.568762451172261,58,50,67860,"Diploma"
428,445,80,1.42163704035322,14,42,24336,"No Diploma"
454,407,91,-0.37703874642508,49,54,67425,"Diploma"
541,381,98,-0.63239972185173,44,61,55148,"Diploma"
577,565,109,0.52826985971604,50,57,67885,"Diploma"
390,480,75,0.298458981286561,43,28,33518,"No Diploma"
594,542,106,-0.644204439333096,44,45,50792,"Diploma"
316,415,79,0.972530184470423,59,37,35792,"Diploma"
506,519,117,-0.0733240576346588,62,64,96672,"Diploma"
761,727,138,-0.28458893467413,43,47,84834,"Diploma"
405,321,79,-1.28053741690931,25,38,14816,"No Diploma"
520,503,98,0.475626486848663,70,61,96939,"Diploma"
548,576,108,1.65695318391379,38,48,54785,"Diploma"
475,541,95,1.21290637884797,28,23,30502,"Diploma"
592,509,112,0.25887200095334,49,56,77274,"Diploma"
322,335,85,0.917084535065639,46,39,44758,"No Diploma"
314,435,77,0.136333338891942,40,51,39469,"Diploma"
463,433,98,0.0362512901513876,21,52,22232,"GED"
404,453,96,-0.23348446006208,59,43,54034,"Diploma"
510,502,92,1.50401383741235,50,45,69649,"Diploma"
511,376,99,-1.93932462708052,44,60,52760,"No Diploma"
600,593,122,0.636714585180498,53,64,91279,"Diploma"
469,436,99,-0.421689169827769,42,56,47373,"GED"
312,367,78,-2.40059980391585,47,42,39895,"Diploma"
524,454,93,-0.789511988288045,51,53,62847,"Diploma"
467,470,90,-0.337966266115762,54,55,72737,"Diploma"
625,490,102,-0.0877013659551047,26,30,47529,"Diploma"
482,507,99,0.934577530158938,57,52,79776,"Diploma"
588,435,102,1.41153932107627,25,46,38834,"No Diploma"
89,151,51,-2.06738602633529,40,26,13413,"No Diploma"
436,508,102,0.367328469022365,56,69,80961,"Diploma"
543,515,105,0.891847391023746,41,56,60295,"Diploma"
589,713,140,-0.265239077315865,48,50,87841,"Diploma"
610,506,98,-0.0939399894371803,52,51,58076,"Diploma"
404,419,100,1.25841322197532,64,62,86643,"Diploma"
473,500,110,0.515430830716972,51,53,64238,"Diploma"
671,632,112,1.48161654380444,57,57,100839,"Diploma"
372,408,70,1.04602646643863,42,43,25023,"Diploma"
431,384,68,-0.419639056192344,41,36,35602,"Diploma"
443,406,98,-0.00587497023424073,46,48,48301,"Diploma"
649,599,122,1.70416013038009,41,43,61387,"Diploma"
351,253,60,-0.491551603919381,41,63,22764,"No Diploma"
498,581,103,0.495026105235406,41,59,56941,"Diploma"
642,493,104,0.0321527204542194,15,37,37169,"GED"
413,406,85,-1.26173862292378,41,51,38043,"Diploma"
609,635,116,0.457707193873437,46,62,74557,"Diploma"
637,625,118,0.0351241496138461,33,48,39984,"Diploma"
234,326,89,0.560101253843014,56,59,68550,"No Diploma"
512,533,110,-0.385694757712459,38,40,58608,"Diploma"
618,663,135,0.134367212107209,43,41,90638,"Diploma"
676,465,106,-0.648823078805504,49,64,74970,"Diploma"
394,207,49,0.57205257731993,39,55,29844,"No Diploma"
482,449,101,-0.488817946457715,48,48,47294,"Diploma"
547,561,101,-0.215854564870144,35,58,63723,"GED"
357,253,89,-0.126895618439454,23,34,23833,"No Diploma"
700,691,101,0.32110231483237,47,66,103172,"GED"
484,455,98,1.57683865150809,56,45,90316,"Diploma"
216,281,78,0.31978451502433,36,41,27316,"No Diploma"
632,421,108,-0.570020135707749,55,59,87673,"Diploma"
425,260,67,0.109934402169625,46,50,41578,"No Diploma"
659,643,122,0.975583708509658,47,51,86164,"Diploma"
386,389,84,0.60574496922753,54,45,59384,"Diploma"
601,676,142,0.59984630943715,53,42,87794,"Diploma"
436,438,91,0.418551371967397,67,70,98331,"Diploma"
484,497,96,1.06534600429805,52,56,74799,"Diploma"
467,463,93,1.80049314384879,61,35,64929,"Diploma"
596,555,111,0.36964383511546,46,48,81866,"Diploma"
387,342,79,-0.590214250631765,38,49,29548,"Diploma"
677,508,127,1.85048537118397,44,44,92144,"Diploma"
478,447,98,0.143581294682734,49,49,59872,"Diploma"
755,732,135,1.1810494211288,59,78,107934,"Diploma"
487,523,95,1.35151715605876,46,44,61676,"Diploma"
446,430,102,0.761638657454486,44,36,52354,"Diploma"
602,665,112,0.764397011222966,26,43,36831,"GED"
421,471,89,-1.84431757805082,56,44,62462,"Diploma"
492,413,99,-0.286005627953942,53,51,56633,"Diploma"
350,373,83,0.701163715805873,34,40,29236,"GED"
649,644,103,-0.00273604260167649,51,49,63282,"Diploma"
572,603,117,-1.78132967176811,54,53,91698,"Diploma"
699,689,127,1.18985545669614,43,48,77229,"Diploma"
385,400,102,-0.163192920933203,26,29,32439,"No Diploma"
664,584,134,0.667128491738956,40,45,71850,"Diploma"
408,387,102,-0.305854944865705,49,33,63657,"Diploma"
509,494,94,-1.25115717439584,55,58,66879,"Diploma"
266,353,68,-1.13080011737553,45,53,34135,"Diploma"
679,635,108,0.0895651963594241,46,53,77307,"Diploma"
319,325,71,-0.926925565760805,41,56,39950,"GED"
698,506,110,-0.0552121397604477,47,38,59052,"Diploma"
763,593,111,0.290806525200614,59,42,82666,"Diploma"
505,484,92,-0.573402806107875,43,38,52194,"Diploma"
563,654,111,2.14242666293036,48,69,80262,"Diploma"
638,552,111,1.29206066399727,25,35,50208,"GED"
516,468,108,0.321176905866725,69,53,92759,"Diploma"
388,440,91,1.23734166415864,62,58,65117,"Diploma"
605,457,108,-0.654189827505991,34,79,54724,"GED"
390,427,86,0.134164858033648,48,44,42206,"Diploma"
521,602,111,-0.708169158284116,58,65,112420,"Diploma"
372,252,83,-0.619413663881844,40,49,30816,"No Diploma"
424,402,106,0.188526331977123,55,63,61274,"Diploma"
526,638,115,-0.149255451018367,52,57,85919,"Diploma"
496,550,105,-0.337160996942966,53,52,78373,"Diploma"
555,592,114,1.99222002351673,17,45,26263,"GED"
409,489,79,1.20647165931189,44,43,39678,"Diploma"
381,311,76,-1.46117002272726,48,55,51508,"Diploma"
595,599,106,0.351349006080518,55,51,88996,"Diploma"
533,347,102,0.76954771508817,35,46,28032,"Diploma"
573,501,94,-1.45303166425343,28,35,46834,"GED"
762,649,124,0.472361439468751,55,51,88874,"Diploma"
488,378,99,0.672365861588115,42,87,62981,"GED"
442,452,99,0.186802505065778,42,53,52567,"Diploma"
490,470,110,-0.222981624752844,41,45,57229,"Diploma"
668,504,133,0.405748953187777,26,33,58614,"No Diploma"
499,484,99,0.886609086457827,31,30,45530,"Diploma"
347,394,86,0.840986927214875,66,49,62067,"Diploma"
466,377,95,-1.71445868428181,24,42,36332,"No Diploma"
507,510,98,-0.412668102383566,68,59,106003,"Diploma"
374,326,69,1.07419015620842,35,51,26281,"Diploma"
581,502,109,0.93263904660648,16,35,23034,"GED"
360,215,68,-0.616832920052816,50,65,52513,"No Diploma"
651,657,114,-0.412802905885747,43,43,83012,"Diploma"
596,616,129,0.244921158823926,45,57,79760,"Diploma"
704,571,104,1.28169288392284,64,44,106219,"Diploma"
546,513,102,0.367953036633318,52,44,78842,"Diploma"
443,495,92,-0.611323568738636,35,37,22275,"Diploma"
441,453,86,-1.19439605117635,28,41,20750,"Diploma"
284,293,69,-0.9778497435503,36,61,31523,"GED"
437,482,85,-1.42460776270873,40,41,33826,"Diploma"
370,508,106,2.31085123535473,51,74,55293,"Diploma"
561,456,91,1.55547747967411,51,70,76289,"GED"
410,531,111,0.88695765639324,35,39,39623,"GED"
718,658,136,1.15081059332851,55,44,122981,"Diploma"
486,632,127,0.0672964352620382,34,37,46538,"Diploma"
171,336,73,0.656380329281682,61,59,50530,"Diploma"
470,549,111,-1.09311125979625,37,48,55642,"Diploma"
389,354,97,0.497722822745943,38,49,42698,"Diploma"
568,469,98,0.301229906861298,36,41,38017,"Diploma"
435,313,82,0.933796994206838,46,49,55464,"No Diploma"
208,336,71,0.298525736103413,60,54,47816,"Diploma"
515,462,101,-0.0400870508752152,48,54,70097,"Diploma"
551,544,123,0.618081212075328,53,44,82966,"Diploma"
631,606,109,-2.2300245438499,24,51,40416,"Diploma"
420,480,87,0.14610166344975,52,63,67663,"No Diploma"
313,406,93,0.28380547959651,58,46,55287,"Diploma"
476,363,90,1.80999720994982,55,40,55875,"Diploma"
494,480,101,-1.14418541422077,62,54,95718,"Diploma"
507,439,105,0.126349445153973,63,61,85795,"Diploma"
446,444,84,-0.239043094495586,40,42,52483,"Diploma"
459,440,101,1.88260903384113,27,43,35798,"No Diploma"
472,677,102,-0.0427600527338488,56,66,91720,"Diploma"
500,393,92,-0.306639660955072,52,58,57489,"Diploma"
501,297,92,-0.61554494050477,29,42,43326,"No Diploma"
411,272,70,-0.996034097198956,68,80,69557,"Diploma"
636,611,117,-0.466164576747651,29,32,40399,"Diploma"
430,301,94,-0.591588639691715,54,35,46724,"Diploma"
489,408,88,-0.956376852591782,55,63,56683,"Diploma"
645,611,119,0.383371709519385,61,74,150116,"Diploma"
636,550,111,-0.310789704218852,60,64,102395,"Diploma"
265,229,55,1.02118256460128,39,38,18301,"No Diploma"
346,508,93,-0.941627261259801,53,59,48941,"Diploma"
631,552,101,0.259173802669658,67,49,82742,"Diploma"
663,584,122,0.147872973792841,53,62,71098,"Diploma"
483,390,95,0.429813292224566,41,43,29987,"Diploma"
333,432,75,1.21866317681218,45,61,55121,"No Diploma"
205,228,61,-0.94380549936016,22,40,16591,"No Diploma"
393,406,76,-1.53536340872444,38,45,34953,"Diploma"
677,519,122,0.83162808803188,45,74,83198,"Diploma"
534,585,113,0.781047730347035,48,61,71159,"Diploma"
606,677,131,0.524146045946943,38,34,73763,"Diploma"
551,350,88,0.465924254510115,49,36,54209,"Diploma"
566,565,119,0.530463437666945,56,64,90403,"Diploma"
642,638,120,-0.64503955842937,63,67,132982,"Diploma"
298,364,93,-0.000929882581022053,25,44,23290,"Diploma"
376,257,72,-1.3352772139773,23,40,19956,"No Diploma"
574,453,91,1.38406902337988,27,27,34298,"Diploma"
435,535,110,0.364109475803954,56,64,89108,"Diploma"
452,419,87,1.48270026900091,33,49,50059,"GED"
450,382,91,-0.484208344358555,53,55,59402,"Diploma"
698,601,126,-0.828906841819156,45,59,67713,"Diploma"
483,506,103,-1.25402661137123,37,58,33138,"GED"
346,564,89,0.895126166324194,52,68,58131,"Diploma"
371,387,86,-1.15348790616691,39,50,28556,"Diploma"
427,398,92,-1.29232973902533,60,45,67197,"Diploma"
415,346,81,-0.341763439122557,50,56,39832,"Diploma"
443,568,116,-0.00222153978041452,31,41,49097,"Diploma"
576,622,115,-0.61583384587251,52,61,84571,"Diploma"
609,641,123,-1.67439012325635,30,26,55194,"Diploma"
626,670,120,0.281292791510526,55,48,101984,"Diploma"
363,230,68,0.0994345352519658,33,31,21797,"No Diploma"
294,406,77,-1.0219671983285,54,46,56237,"Diploma"
350,365,77,-0.166764211779604,35,50,37912,"No Diploma"
515,616,123,0.0608158560552415,48,44,86252,"Diploma"
181,267,79,-0.184386381387598,32,39,21498,"No Diploma"
553,461,85,0.584193369846606,59,42,60372,"Diploma"
413,423,81,1.5616850357461,29,38,32734,"No Diploma"
448,419,99,-1.72041486011113,42,39,38881,"Diploma"
568,655,112,0.731166011696918,40,46,61494,"Diploma"
353,206,81,-0.37799155774739,16,29,18572,"No Diploma"
456,633,119,1.37154158968651,54,44,70014,"Diploma"
448,428,91,1.88575707397718,57,42,50923,"Diploma"
502,545,87,0.00309135808398055,40,31,31033,"Diploma"
596,538,119,0.795231827861231,62,55,92165,"Diploma"
438,531,98,0.952791856273183,50,42,39332,"Diploma"
542,448,95,1.37143016682645,57,53,57263,"Diploma"
359,411,90,0.801628400220972,37,53,23798,"GED"
541,636,119,-1.49969779451159,49,48,77163,"Diploma"
512,403,86,-0.633197502545168,11,36,27395,"No Diploma"
389,257,67,-0.468013234166998,17,31,11769,"No Diploma"
461,388,75,2.18157482631753,15,22,20874,"No Diploma"
376,415,75,-0.443041216704006,58,54,71083,"Diploma"
533,551,100,0.240091143029069,45,50,63157,"Diploma"
509,523,103,0.095082755747194,70,67,108430,"Diploma"
478,583,93,0.839752972218366,21,42,30535,"GED"
408,359,85,1.30910000332701,46,67,65382,"No Diploma"
639,627,131,1.65669632775573,65,69,140938,"Diploma"
418,475,102,-2.46275904827349,29,52,35747,"Diploma"
421,478,94,-1.63981707349403,41,57,55832,"No Diploma"
654,534,113,0.496868031390185,44,61,79919,"GED"
390,430,91,0.329694558192936,44,50,38326,"Diploma"
537,397,98,-1.72617442785875,63,60,78633,"Diploma"
549,577,107,0.923004846664203,49,55,60793,"Diploma"
482,470,92,-1.25481967570423,76,58,81074,"Diploma"
575,511,117,0.616206383450691,41,42,60278,"Diploma"
414,335,85,-0.646619577761328,56,62,49787,"Diploma"
402,260,72,-1.24348151349857,22,43,27308,"No Diploma"
617,597,118,2.14856220787074,55,66,92761,"Diploma"
536,460,74,0.563687555152359,32,55,27323,"GED"
480,358,80,2.35778322506661,50,43,50194,"Diploma"
478,448,88,0.420310375780175,46,53,42116,"Diploma"
677,528,133,0.395500278853976,42,76,87118,"GED"
509,464,100,-0.0198199589849328,42,47,38149,"GED"
245,304,62,-1.49780910557488,42,51,25865,"GED"
445,398,95,-1.48809852968258,50,41,61273,"Diploma"
585,713,124,-1.36764074453925,52,57,116126,"Diploma"
653,609,122,0.644871047917193,59,50,96264,"Diploma"
344,446,106,1.26117389222985,43,45,55665,"Diploma"
452,479,113,0.328477900278491,42,65,63757,"Diploma"
400,342,86,-0.847253675700121,57,48,62812,"Diploma"
287,310,67,0.436800096503168,35,55,38760,"No Diploma"
377,501,93,-0.0422968467019687,66,43,84586,"Diploma"
423,431,86,0.135854173074141,71,56,74908,"Diploma"
484,535,83,0.372494472501407,60,45,60080,"Diploma"
639,542,113,0.311242143803993,63,43,101047,"Diploma"
205,298,58,-0.24728978477246,55,54,39960,"Diploma"
552,671,122,0.833429584063623,55,57,77808,"Diploma"
527,591,114,-1.21818116123662,37,52,42042,"Diploma"
597,476,117,0.939361786291622,46,42,65108,"Diploma"
407,334,70,1.23842259980812,35,45,30386,"Diploma"
393,436,88,0.187642089152817,24,28,23835,"GED"
398,529,101,1.73043576904834,67,64,78666,"Diploma"
525,493,99,0.480437259712089,45,47,46823,"Diploma"
326,450,75,-0.138180918379258,64,50,43211,"Diploma"
258,270,60,-1.52094324697053,62,66,38212,"Diploma"
485,543,98,-1.86702361565133,55,30,63722,"Diploma"
574,608,111,-0.720189556119965,54,57,90551,"Diploma"
629,595,110,0.328254466998085,47,47,80727,"Diploma"
309,258,62,-2.31992505696069,69,71,41809,"Diploma"
731,706,135,-0.424139150725625,49,45,96968,"Diploma"
150,288,55,-1.41742017653105,54,45,27095,"Diploma"
444,349,70,-0.605331248052381,37,61,40076,"No Diploma"
422,454,104,2.15348175006165,59,60,82291,"Diploma"
468,354,88,-0.156771075701375,46,54,46676,"GED"
410,377,89,-0.0797649662427547,49,58,44993,"Diploma"
438,476,89,0.22745134426919,60,48,61868,"Diploma"
795,621,129,0.974329690124409,53,51,72986,"Diploma"
459,421,92,0.376700865159524,57,47,63234,"Diploma"
388,476,109,0.372597959815546,50,44,43173,"Diploma"
332,337,74,-0.137911094482048,62,77,90498,"Diploma"
436,502,110,1.13407079587553,48,53,68962,"GED"
612,728,119,1.68155948475737,65,66,120031,"Diploma"
623,604,114,0.646597942745349,44,25,40014,"Diploma"
672,651,119,-0.516157752702865,42,47,54935,"Diploma"
492,384,113,-1.92468066970911,36,31,37612,"No Diploma"
689,561,117,0.0744499106306118,48,55,55923,"Diploma"
471,394,84,-1.09963069056837,31,37,42915,"No Diploma"
506,505,100,-0.282894097194111,62,47,79106,"Diploma"
453,446,91,-0.476752983659213,43,48,46668,"Diploma"
417,324,86,-0.058872178644608,27,44,30593,"GED"
433,516,108,1.54825066748823,57,68,92605,"Diploma"
548,624,109,2.09317023664629,41,30,41854,"Diploma"
294,341,70,0.721377560246785,36,39,32663,"No Diploma"
374,296,83,-0.509824010277216,48,56,48712,"Diploma"
477,419,95,0.182169550189852,58,57,82303,"Diploma"
610,748,112,0.68139687667879,64,43,94102,"Diploma"
514,433,97,-1.44755681136501,29,45,38135,"GED"
467,565,99,1.85330159619205,50,57,44270,"Diploma"
316,282,81,0.494223486594667,32,37,15603,"GED"
535,445,89,1.03024641417164,46,45,51897,"Diploma"
456,483,98,0.047165882745806,25,43,24755,"No Diploma"
566,518,105,0.734331666614589,52,50,61548,"Diploma"
514,541,107,0.573708079174413,48,62,66620,"Diploma"
552,449,109,-1.40140690538156,39,48,58449,"Diploma"
561,506,105,-0.000106219489401368,39,46,41619,"Diploma"
524,474,86,0.330738433967991,31,35,38270,"Diploma"
467,615,85,0.320924534850187,34,63,43965,"Diploma"
475,513,95,-0.753602139869057,70,60,84025,"Diploma"
440,597,120,2.14703311708589,49,45,83415,"Diploma"
468,486,86,1.57253686116979,40,51,38203,"Diploma"
281,261,58,0.11008985649996,56,66,63049,"No Diploma"
557,588,108,-0.255686508750324,34,36,36351,"Diploma"
420,450,83,-1.29965819881875,41,54,45488,"Diploma"
370,397,67,-1.95512074920151,47,50,44105,"Diploma"
423,492,97,-0.111396641403707,45,35,37817,"No Diploma"
220,241,53,-2.51777700728537,34,56,21966,"No Diploma"
524,573,98,0.631158440559612,61,54,99244,"Diploma"
517,471,89,-1.40486903059741,40,47,31006,"GED"
628,506,101,-0.942161658666373,32,51,41472,"Diploma"
494,545,96,0.649268857529401,47,61,69672,"Diploma"
306,479,81,-0.0842683169677504,46,38,40715,"Diploma"
569,598,106,1.45487626018197,42,50,62655,"Diploma"
358,442,102,0.140842886304469,44,57,47880,"Diploma"
382,299,73,-0.147415921749154,47,40,41467,"No Diploma"
425,392,93,0.751236769016333,34,49,51582,"No Diploma"
428,385,82,-1.99349513921156,55,51,47517,"Diploma"
678,523,119,1.38336824381192,21,33,42609,"No Diploma"
556,577,87,0.264972656796846,63,51,81381,"Diploma"
537,717,119,1.40055493751729,50,49,92300,"Diploma"
426,483,101,-0.183715291955944,51,51,63682,"Diploma"
464,437,83,-0.22665209247398,60,53,78159,"Diploma"
665,674,96,-0.765962441009645,59,48,88949,"Diploma"
437,440,89,0.237091577334819,49,47,53063,"Diploma"
660,741,128,-0.79759819620338,36,26,57082,"Diploma"
456,502,98,0.180745107652631,40,36,41982,"Diploma"
461,412,92,0.125857861626586,54,52,76084,"Diploma"
438,197,77,1.29525606841618,19,36,17839,"No Diploma"
517,394,76,1.24548429597943,40,42,51000,"No Diploma"
463,242,69,0.847411884753262,38,50,29607,"No Diploma"
567,616,105,-1.38318549006116,43,52,71022,"Diploma"
513,572,125,2.14819754064932,32,48,58954,"GED"
517,527,108,-0.175913412468853,34,38,53665,"Diploma"
362,285,76,1.67361911209586,47,54,24795,"Diploma"
655,547,127,-0.007660684001596,34,41,52762,"Diploma"
477,644,111,-0.815613376231349,40,46,55512,"Diploma"
390,442,102,0.384485562644847,44,54,40759,"Diploma"
468,602,104,0.169508572632809,42,43,49379,"Diploma"
373,278,77,0.417593156622967,35,52,30497,"Diploma"
443,274,90,-0.90850163544622,33,62,36762,"GED"
339,219,77,-1.75127959735226,23,52,11875,"GED"
323,277,73,0.523849166851484,33,45,34826,"No Diploma"
354,447,87,-0.107035639159753,55,60,59322,"No Diploma"
443,482,94,0.844313025410383,50,50,45868,"Diploma"
380,459,86,0.876619334442088,39,52,48893,"No Diploma"
605,440,100,0.611717383171031,37,20,27687,"No Diploma"
361,426,79,0.234328270361547,35,52,28545,"No Diploma"
441,366,84,0.140141371122646,28,36,28106,"GED"
550,578,95,-0.925520413538044,39,40,44385,"Diploma"
337,458,89,-1.04118633852487,53,57,58186,"Diploma"
388,408,98,-0.102105829693056,41,56,41714,"Diploma"
565,390,88,1.56360476493248,58,59,73156,"Diploma"
762,618,137,1.81009884509808,52,46,109502,"Diploma"
427,575,105,0.596446163666075,21,38,28654,"Diploma"
266,374,68,-0.0157672619278888,40,51,29417,"Diploma"
415,499,99,0.210175360090742,62,57,57820,"Diploma"
552,462,109,-0.58872529576173,78,67,138880,"Diploma"
445,482,103,1.04281969554201,55,62,78853,"Diploma"
537,549,112,-0.848993018980462,61,61,94079,"Diploma"
545,483,109,-0.758047719534178,43,44,63305,"Diploma"
399,465,90,-0.0422809681672583,51,52,49830,"Diploma"
312,240,66,1.30935457585496,32,35,23228,"No Diploma"
473,443,98,-0.682377675202476,59,43,67304,"Diploma"
574,583,119,1.52679113083877,43,43,72585,"Diploma"
504,384,91,-0.394641750941516,44,42,49401,"Diploma"
433,477,81,0.227459716677407,30,36,33458,"Diploma"
341,344,71,-2.14572559255361,45,38,32988,"Diploma"
451,509,108,-0.86760723831105,44,51,50287,"GED"
393,428,98,1.51142656670987,51,49,50805,"Diploma"
396,524,83,-0.260460334531754,52,34,29465,"Diploma"
540,518,102,0.1666053992399,53,47,53815,"Diploma"
614,481,103,-2.20712353134615,29,36,47190,"Diploma"
405,519,99,1.0542559186571,45,51,56611,"Diploma"
533,592,102,0.300520015594387,23,38,24010,"GED"
304,268,89,0.322307426176277,32,46,33892,"No Diploma"
271,425,81,-0.388708330995113,62,60,62767,"Diploma"
382,435,99,0.0532188189814281,58,50,61510,"Diploma"
482,514,96,-0.475397535273227,65,60,93182,"Diploma"
566,659,117,2.29461990928298,74,64,124510,"Diploma"
546,565,111,0.471489581167915,45,51,87057,"Diploma"
498,427,107,-0.235143045285599,52,53,65857,"Diploma"
726,706,142,2.77390768049314,47,39,96496,"Diploma"
303,328,66,-1.35259653619732,45,57,33144,"Diploma"
640,667,127,-0.505704534603373,54,42,83808,"Diploma"
368,474,99,-1.62080626570027,58,41,62120,"No Diploma"
434,478,93,-0.268058676339347,30,34,21823,"Diploma"
619,607,128,0.0523589595415839,69,59,141421,"Diploma"
440,409,101,-0.385003018881157,46,38,49658,"Diploma"
458,513,97,-0.0788905497373921,65,62,79013,"Diploma"
449,362,98,1.76782908443678,45,53,52843,"Diploma"
524,423,88,0.3841357595405,39,51,32506,"Diploma"
582,576,108,0.10077403916363,62,54,79288,"Diploma"
451,559,118,1.41101335696026,53,53,69317,"Diploma"
738,826,141,0.975967604541212,53,60,110322,"Diploma"
634,606,113,1.00613331627065,40,56,62722,"Diploma"
244,167,69,0.411444602357648,51,68,42373,"No Diploma"
466,436,109,-0.100352417689962,43,36,47657,"Diploma"
380,274,78,-2.62145576776925,40,53,41593,"Diploma"
561,563,86,-0.39961522504797,48,49,57414,"Diploma"
406,496,104,1.71063403509619,45,39,38434,"Diploma"
598,496,111,0.0308954834057032,30,53,38542,"Diploma"
488,542,108,1.49772075336382,23,38,42606,"GED"
476,466,102,0.393319666939377,37,38,34315,"Diploma"
582,536,94,0.192555718863924,31,48,32106,"Diploma"
500,511,97,-2.57080135081517,49,58,74267,"Diploma"
567,533,118,0.991821546485952,51,54,63584,"Diploma"
474,477,85,-0.917947080681471,65,69,79361,"Diploma"
416,511,78,-0.73685033863889,52,56,49238,"Diploma"
381,437,85,-1.0571587274437,64,61,56805,"Diploma"
466,524,100,1.73093659367098,60,52,74660,"Diploma"
454,353,84,-0.992791501153109,43,53,51154,"No Diploma"
412,274,73,-2.7217700902237,33,49,33391,"No Diploma"
349,502,87,0.189047211273837,47,41,39914,"Diploma"
373,492,92,0.467400426881948,59,51,78571,"Diploma"
562,548,97,-0.0350669060724202,51,52,65548,"Diploma"
582,498,103,-0.071152625971709,64,55,100332,"Diploma"
466,505,105,1.78446991166769,30,46,39437,"GED"
489,449,96,-1.6000100613832,46,57,70173,"No Diploma"
461,407,97,-0.657039527259234,33,50,34743,"No Diploma"
